{
  "maxDepth": 14,
  "minNode": 4,
  "numTrees": 50,
  "dataFraction": 0.7,
  "featureSubcount": "half",
  "accuracy": 0.9925079243108251,
  "train_time_s": 37.851829528808594,
  "predict_time_s": 2.246818780899048
}